Date,Ticker,ShortName,Name,Open,High,Low,Close,Currency
2016-12-28,MREDC,Индекс недвиж-ти Домклик Москва,Индекс московской недвижимости Домклик,159646.69,159646.69,159646.69,159646.69,RUB
2017-01-04,MREDC,Индекс недвиж-ти Домклик Москва,Индекс московской недвижимости Домклик,158952.36,158952.36,158952.36,158952.36,RUB
2017-01-11,MREDC,Индекс недвиж-ти Домклик Москва,Индекс московской недвижимости Домклик,158470.18,158470.18,158470.18,158470.18,RUB
2017-01-18,MREDC,Индекс недвиж-ти Домклик Москва,Индекс московской недвижимости Домклик,157778.75,157778.75,157778.75,157778.75,RUB
2017-01-25,MREDC,Индекс недвиж-ти Домклик Москва,Индекс московской недвижимости Домклик,157832.09,157832.09,157832.09,157832.09,RUB
2017-02-01,MREDC,Индекс недвиж-ти Домклик Москва,Индекс московской недвижимости Домклик,159664.11,159664.11,159664.11,159664.11,RUB
2017-02-08,MREDC,Индекс недвиж-ти Домклик Москва,Индекс московской недвижимости Домклик,159020.3,159020.3,159020.3,159020.3,RUB
2017-02-15,MREDC,Индекс недвиж-ти Домклик Москва,Индекс московской недвижимости Домклик,159135.45,159135.45,159135.45,159135.45,RUB
2017-02-22,MREDC,Индекс недвиж-ти Домклик Москва,Индекс московской недвижимости Домклик,160328.31,160328.31,160328.31,160328.31,RUB
2017-03-01,MREDC,Индекс недвиж-ти Домклик Москва,Индекс московской недвижимости Домклик,159480.39,159480.39,159480.39,159480.39,RUB
2017-03-08,MREDC,Индекс недвиж-ти Домклик Москва,Индекс московской недвижимости Домклик,160969.3,160969.3,160969.3,160969.3,RUB
2017-03-15,MREDC,Индекс недвиж-ти Домклик Москва,Индекс московской недвижимости Домклик,161290.53,161290.53,161290.53,161290.53,RUB
2017-03-22,MREDC,Индекс недвиж-ти Домклик Москва,Индекс московской недвижимости Домклик,160626.76,160626.76,160626.76,160626.76,RUB
2017-03-29,MREDC,Индекс недвиж-ти Домклик Москва,Индекс московской недвижимости Домклик,159647.91,159647.91,159647.91,159647.91,RUB
2017-04-05,MREDC,Индекс недвиж-ти Домклик Москва,Индекс московской недвижимости Домклик,159775.14,159775.14,159775.14,159775.14,RUB
2017-04-12,MREDC,Индекс недвиж-ти Домклик Москва,Индекс московской недвижимости Домклик,158288.8,158288.8,158288.8,158288.8,RUB
2017-04-19,MREDC,Индекс недвиж-ти Домклик Москва,Индекс московской недвижимости Домклик,158677.63,158677.63,158677.63,158677.63,RUB
2017-04-26,MREDC,Индекс недвиж-ти Домклик Москва,Индекс московской недвижимости Домклик,159314.81,159314.81,159314.81,159314.81,RUB
2017-05-03,MREDC,Индекс недвиж-ти Домклик Москва,Индекс московской недвижимости Домклик,158496.88,158496.88,158496.88,158496.88,RUB
2017-05-10,MREDC,Индекс недвиж-ти Домклик Москва,Индекс московской недвижимости Домклик,158571.02,158571.02,158571.02,158571.02,RUB
2017-05-17,MREDC,Индекс недвиж-ти Домклик Москва,Индекс московской недвижимости Домклик,157885.33,157885.33,157885.33,157885.33,RUB
2017-05-24,MREDC,Индекс недвиж-ти Домклик Москва,Индекс московской недвижимости Домклик,157767.2,157767.2,157767.2,157767.2,RUB
2017-05-31,MREDC,Индекс недвиж-ти Домклик Москва,Индекс московской недвижимости Домклик,156256.45,156256.45,156256.45,156256.45,RUB
2017-06-07,MREDC,Индекс недвиж-ти Домклик Москва,Индекс московской недвижимости Домклик,156792.59,156792.59,156792.59,156792.59,RUB
2017-06-14,MREDC,Индекс недвиж-ти Домклик Москва,Индекс московской недвижимости Домклик,157168.96,157168.96,157168.96,157168.96,RUB
2017-06-21,MREDC,Индекс недвиж-ти Домклик Москва,Индекс московской недвижимости Домклик,157126.29,157126.29,157126.29,157126.29,RUB
2017-06-28,MREDC,Индекс недвиж-ти Домклик Москва,Индекс московской недвижимости Домклик,158539.88,158539.88,158539.88,158539.88,RUB
2017-07-05,MREDC,Индекс недвиж-ти Домклик Москва,Индекс московской недвижимости Домклик,158497.8,158497.8,158497.8,158497.8,RUB
2017-07-12,MREDC,Индекс недвиж-ти Домклик Москва,Индекс московской недвижимости Домклик,157889.15,157889.15,157889.15,157889.15,RUB
2017-07-19,MREDC,Индекс недвиж-ти Домклик Москва,Индекс московской недвижимости Домклик,158302.11,158302.11,158302.11,158302.11,RUB
2017-07-26,MREDC,Индекс недвиж-ти Домклик Москва,Индекс московской недвижимости Домклик,158459.89,158459.89,158459.89,158459.89,RUB
2017-08-02,MREDC,Индекс недвиж-ти Домклик Москва,Индекс московской недвижимости Домклик,159505.6,159505.6,159505.6,159505.6,RUB
2017-08-09,MREDC,Индекс недвиж-ти Домклик Москва,Индекс московской недвижимости Домклик,159464.2,159464.2,159464.2,159464.2,RUB
2017-08-16,MREDC,Индекс недвиж-ти Домклик Москва,Индекс московской недвижимости Домклик,158500.09,158500.09,158500.09,158500.09,RUB
2017-08-23,MREDC,Индекс недвиж-ти Домклик Москва,Индекс московской недвижимости Домклик,156225.8,156225.8,156225.8,156225.8,RUB
2017-08-30,MREDC,Индекс недвиж-ти Домклик Москва,Индекс московской недвижимости Домклик,155436.73,155436.73,155436.73,155436.73,RUB
2017-09-06,MREDC,Индекс недвиж-ти Домклик Москва,Индекс московской недвижимости Домклик,156752.92,156752.92,156752.92,156752.92,RUB
2017-09-13,MREDC,Индекс недвиж-ти Домклик Москва,Индекс московской недвижимости Домклик,156658.86,156658.86,156658.86,156658.86,RUB
2017-09-20,MREDC,Индекс недвиж-ти Домклик Москва,Индекс московской недвижимости Домклик,157844.88,157844.88,157844.88,157844.88,RUB
2017-09-27,MREDC,Индекс недвиж-ти Домклик Москва,Индекс московской недвижимости Домклик,158431.64,158431.64,158431.64,158431.64,RUB
2017-10-04,MREDC,Индекс недвиж-ти Домклик Москва,Индекс московской недвижимости Домклик,157729.48,157729.48,157729.48,157729.48,RUB
2017-10-11,MREDC,Индекс недвиж-ти Домклик Москва,Индекс московской недвижимости Домклик,157856.88,157856.88,157856.88,157856.88,RUB
2017-10-18,MREDC,Индекс недвиж-ти Домклик Москва,Индекс московской недвижимости Домклик,158598.61,158598.61,158598.61,158598.61,RUB
2017-10-25,MREDC,Индекс недвиж-ти Домклик Москва,Индекс московской недвижимости Домклик,158427.57,158427.57,158427.57,158427.57,RUB
2017-11-01,MREDC,Индекс недвиж-ти Домклик Москва,Индекс московской недвижимости Домклик,157918.22,157918.22,157918.22,157918.22,RUB
2017-11-08,MREDC,Индекс недвиж-ти Домклик Москва,Индекс московской недвижимости Домклик,158508.82,158508.82,158508.82,158508.82,RUB
2017-11-15,MREDC,Индекс недвиж-ти Домклик Москва,Индекс московской недвижимости Домклик,158024.43,158024.43,158024.43,158024.43,RUB
2017-11-22,MREDC,Индекс недвиж-ти Домклик Москва,Индекс московской недвижимости Домклик,156617.47,156617.47,156617.47,156617.47,RUB
2017-11-29,MREDC,Индекс недвиж-ти Домклик Москва,Индекс московской недвижимости Домклик,156166.4,156166.4,156166.4,156166.4,RUB
2017-12-06,MREDC,Индекс недвиж-ти Домклик Москва,Индекс московской недвижимости Домклик,155967.04,155967.04,155967.04,155967.04,RUB
2017-12-13,MREDC,Индекс недвиж-ти Домклик Москва,Индекс московской недвижимости Домклик,155622.97,155622.97,155622.97,155622.97,RUB
2017-12-20,MREDC,Индекс недвиж-ти Домклик Москва,Индекс московской недвижимости Домклик,156218.27,156218.27,156218.27,156218.27,RUB
2017-12-27,MREDC,Индекс недвиж-ти Домклик Москва,Индекс московской недвижимости Домклик,157586.05,157586.05,157586.05,157586.05,RUB
2018-01-03,MREDC,Индекс недвиж-ти Домклик Москва,Индекс московской недвижимости Домклик,157039.44,157039.44,157039.44,157039.44,RUB
2018-01-10,MREDC,Индекс недвиж-ти Домклик Москва,Индекс московской недвижимости Домклик,156989.17,156989.17,156989.17,156989.17,RUB
2018-01-17,MREDC,Индекс недвиж-ти Домклик Москва,Индекс московской недвижимости Домклик,156986.15,156986.15,156986.15,156986.15,RUB
2018-01-24,MREDC,Индекс недвиж-ти Домклик Москва,Индекс московской недвижимости Домклик,155992.16,155992.16,155992.16,155992.16,RUB
2018-01-31,MREDC,Индекс недвиж-ти Домклик Москва,Индекс московской недвижимости Домклик,157317.44,157317.44,157317.44,157317.44,RUB
2018-02-07,MREDC,Индекс недвиж-ти Домклик Москва,Индекс московской недвижимости Домклик,156339.46,156339.46,156339.46,156339.46,RUB
2018-02-14,MREDC,Индекс недвиж-ти Домклик Москва,Индекс московской недвижимости Домклик,156917.05,156917.05,156917.05,156917.05,RUB
2018-02-21,MREDC,Индекс недвиж-ти Домклик Москва,Индекс московской недвижимости Домклик,157012.77,157012.77,157012.77,157012.77,RUB
2018-02-28,MREDC,Индекс недвиж-ти Домклик Москва,Индекс московской недвижимости Домклик,156980.98,156980.98,156980.98,156980.98,RUB
2018-03-07,MREDC,Индекс недвиж-ти Домклик Москва,Индекс московской недвижимости Домклик,157414.89,157414.89,157414.89,157414.89,RUB
2018-03-14,MREDC,Индекс недвиж-ти Домклик Москва,Индекс московской недвижимости Домклик,158079.46,158079.46,158079.46,158079.46,RUB
2018-03-21,MREDC,Индекс недвиж-ти Домклик Москва,Индекс московской недвижимости Домклик,157384.79,157384.79,157384.79,157384.79,RUB
2018-03-28,MREDC,Индекс недвиж-ти Домклик Москва,Индекс московской недвижимости Домклик,156769.31,156769.31,156769.31,156769.31,RUB
2018-04-04,MREDC,Индекс недвиж-ти Домклик Москва,Индекс московской недвижимости Домклик,156725.55,156725.55,156725.55,156725.55,RUB
2018-04-11,MREDC,Индекс недвиж-ти Домклик Москва,Индекс московской недвижимости Домклик,156243.78,156243.78,156243.78,156243.78,RUB
2018-04-18,MREDC,Индекс недвиж-ти Домклик Москва,Индекс московской недвижимости Домклик,155408.84,155408.84,155408.84,155408.84,RUB
2018-04-25,MREDC,Индекс недвиж-ти Домклик Москва,Индекс московской недвижимости Домклик,157889.29,157889.29,157889.29,157889.29,RUB
2018-05-02,MREDC,Индекс недвиж-ти Домклик Москва,Индекс московской недвижимости Домклик,157153.46,157153.46,157153.46,157153.46,RUB
2018-05-09,MREDC,Индекс недвиж-ти Домклик Москва,Индекс московской недвижимости Домклик,157449.88,157449.88,157449.88,157449.88,RUB
2018-05-16,MREDC,Индекс недвиж-ти Домклик Москва,Индекс московской недвижимости Домклик,158332.85,158332.85,158332.85,158332.85,RUB
2018-05-23,MREDC,Индекс недвиж-ти Домклик Москва,Индекс московской недвижимости Домклик,157357.35,157357.35,157357.35,157357.35,RUB
2018-05-30,MREDC,Индекс недвиж-ти Домклик Москва,Индекс московской недвижимости Домклик,157700.16,157700.16,157700.16,157700.16,RUB
2018-06-06,MREDC,Индекс недвиж-ти Домклик Москва,Индекс московской недвижимости Домклик,158419.99,158419.99,158419.99,158419.99,RUB
2018-06-13,MREDC,Индекс недвиж-ти Домклик Москва,Индекс московской недвижимости Домклик,159020.35,159020.35,159020.35,159020.35,RUB
2018-06-20,MREDC,Индекс недвиж-ти Домклик Москва,Индекс московской недвижимости Домклик,159287.38,159287.38,159287.38,159287.38,RUB
2018-06-27,MREDC,Индекс недвиж-ти Домклик Москва,Индекс московской недвижимости Домклик,158864.34,158864.34,158864.34,158864.34,RUB
2018-07-04,MREDC,Индекс недвиж-ти Домклик Москва,Индекс московской недвижимости Домклик,159738.91,159738.91,159738.91,159738.91,RUB
2018-07-11,MREDC,Индекс недвиж-ти Домклик Москва,Индекс московской недвижимости Домклик,159218.86,159218.86,159218.86,159218.86,RUB
2018-07-18,MREDC,Индекс недвиж-ти Домклик Москва,Индекс московской недвижимости Домклик,159580.07,159580.07,159580.07,159580.07,RUB
2018-07-25,MREDC,Индекс недвиж-ти Домклик Москва,Индекс московской недвижимости Домклик,159750.66,159750.66,159750.66,159750.66,RUB
2018-08-01,MREDC,Индекс недвиж-ти Домклик Москва,Индекс московской недвижимости Домклик,159190.68,159190.68,159190.68,159190.68,RUB
2018-08-08,MREDC,Индекс недвиж-ти Домклик Москва,Индекс московской недвижимости Домклик,159691.82,159691.82,159691.82,159691.82,RUB
2018-08-15,MREDC,Индекс недвиж-ти Домклик Москва,Индекс московской недвижимости Домклик,160615.38,160615.38,160615.38,160615.38,RUB
2018-08-22,MREDC,Индекс недвиж-ти Домклик Москва,Индекс московской недвижимости Домклик,162970.81,162970.81,162970.81,162970.81,RUB
2018-08-29,MREDC,Индекс недвиж-ти Домклик Москва,Индекс московской недвижимости Домклик,162344.23,162344.23,162344.23,162344.23,RUB
2018-09-05,MREDC,Индекс недвиж-ти Домклик Москва,Индекс московской недвижимости Домклик,162467.49,162467.49,162467.49,162467.49,RUB
2018-09-12,MREDC,Индекс недвиж-ти Домклик Москва,Индекс московской недвижимости Домклик,161753.02,161753.02,161753.02,161753.02,RUB
2018-09-19,MREDC,Индекс недвиж-ти Домклик Москва,Индекс московской недвижимости Домклик,160867.26,160867.26,160867.26,160867.26,RUB
2018-09-26,MREDC,Индекс недвиж-ти Домклик Москва,Индекс московской недвижимости Домклик,161429.18,161429.18,161429.18,161429.18,RUB
2018-10-03,MREDC,Индекс недвиж-ти Домклик Москва,Индекс московской недвижимости Домклик,162619.32,162619.32,162619.32,162619.32,RUB
2018-10-10,MREDC,Индекс недвиж-ти Домклик Москва,Индекс московской недвижимости Домклик,163417.03,163417.03,163417.03,163417.03,RUB
2018-10-17,MREDC,Индекс недвиж-ти Домклик Москва,Индекс московской недвижимости Домклик,165094.56,165094.56,165094.56,165094.56,RUB
2018-10-24,MREDC,Индекс недвиж-ти Домклик Москва,Индекс московской недвижимости Домклик,166180.94,166180.94,166180.94,166180.94,RUB
2018-10-31,MREDC,Индекс недвиж-ти Домклик Москва,Индекс московской недвижимости Домклик,166380.4,166380.4,166380.4,166380.4,RUB
2018-11-07,MREDC,Индекс недвиж-ти Домклик Москва,Индекс московской недвижимости Домклик,167146.07,167146.07,167146.07,167146.07,RUB
2018-11-14,MREDC,Индекс недвиж-ти Домклик Москва,Индекс московской недвижимости Домклик,166358.38,166358.38,166358.38,166358.38,RUB
2018-11-21,MREDC,Индекс недвиж-ти Домклик Москва,Индекс московской недвижимости Домклик,167319.51,167319.51,167319.51,167319.51,RUB
2018-11-28,MREDC,Индекс недвиж-ти Домклик Москва,Индекс московской недвижимости Домклик,167768.52,167768.52,167768.52,167768.52,RUB
2018-12-05,MREDC,Индекс недвиж-ти Домклик Москва,Индекс московской недвижимости Домклик,167599.18,167599.18,167599.18,167599.18,RUB
2018-12-12,MREDC,Индекс недвиж-ти Домклик Москва,Индекс московской недвижимости Домклик,168950.26,168950.26,168950.26,168950.26,RUB
2018-12-19,MREDC,Индекс недвиж-ти Домклик Москва,Индекс московской недвижимости Домклик,168344.42,168344.42,168344.42,168344.42,RUB
2018-12-26,MREDC,Индекс недвиж-ти Домклик Москва,Индекс московской недвижимости Домклик,169104.31,169104.31,169104.31,169104.31,RUB
2019-01-02,MREDC,Индекс недвиж-ти Домклик Москва,Индекс московской недвижимости Домклик,169433.38,169433.38,169433.38,169433.38,RUB
2019-01-09,MREDC,Индекс недвиж-ти Домклик Москва,Индекс московской недвижимости Домклик,169302.81,169302.81,169302.81,169302.81,RUB
2019-01-16,MREDC,Индекс недвиж-ти Домклик Москва,Индекс московской недвижимости Домклик,169302.12,169302.12,169302.12,169302.12,RUB
2019-01-23,MREDC,Индекс недвиж-ти Домклик Москва,Индекс московской недвижимости Домклик,169428.08,169428.08,169428.08,169428.08,RUB
2019-01-30,MREDC,Индекс недвиж-ти Домклик Москва,Индекс московской недвижимости Домклик,170914.04,170914.04,170914.04,170914.04,RUB
2019-02-06,MREDC,Индекс недвиж-ти Домклик Москва,Индекс московской недвижимости Домклик,171341.58,171341.58,171341.58,171341.58,RUB
2019-02-13,MREDC,Индекс недвиж-ти Домклик Москва,Индекс московской недвижимости Домклик,170971.62,170971.62,170971.62,170971.62,RUB
2019-02-20,MREDC,Индекс недвиж-ти Домклик Москва,Индекс московской недвижимости Домклик,171884.29,171884.29,171884.29,171884.29,RUB
2019-02-27,MREDC,Индекс недвиж-ти Домклик Москва,Индекс московской недвижимости Домклик,172979.39,172979.39,172979.39,172979.39,RUB
2019-03-06,MREDC,Индекс недвиж-ти Домклик Москва,Индекс московской недвижимости Домклик,172930.86,172930.86,172930.86,172930.86,RUB
2019-03-13,MREDC,Индекс недвиж-ти Домклик Москва,Индекс московской недвижимости Домклик,173882.06,173882.06,173882.06,173882.06,RUB
2019-03-20,MREDC,Индекс недвиж-ти Домклик Москва,Индекс московской недвижимости Домклик,175594.6,175594.6,175594.6,175594.6,RUB
2019-03-27,MREDC,Индекс недвиж-ти Домклик Москва,Индекс московской недвижимости Домклик,175817.59,175817.59,175817.59,175817.59,RUB
2019-04-03,MREDC,Индекс недвиж-ти Домклик Москва,Индекс московской недвижимости Домклик,177414.03,177414.03,177414.03,177414.03,RUB
2019-04-10,MREDC,Индекс недвиж-ти Домклик Москва,Индекс московской недвижимости Домклик,177950.43,177950.43,177950.43,177950.43,RUB
2019-04-17,MREDC,Индекс недвиж-ти Домклик Москва,Индекс московской недвижимости Домклик,177476.03,177476.03,177476.03,177476.03,RUB
2019-04-24,MREDC,Индекс недвиж-ти Домклик Москва,Индекс московской недвижимости Домклик,178372.21,178372.21,178372.21,178372.21,RUB
2019-05-01,MREDC,Индекс недвиж-ти Домклик Москва,Индекс московской недвижимости Домклик,177801.18,177801.18,177801.18,177801.18,RUB
2019-05-08,MREDC,Индекс недвиж-ти Домклик Москва,Индекс московской недвижимости Домклик,176249.37,176249.37,176249.37,176249.37,RUB
2019-05-15,MREDC,Индекс недвиж-ти Домклик Москва,Индекс московской недвижимости Домклик,175919.62,175919.62,175919.62,175919.62,RUB
2019-05-22,MREDC,Индекс недвиж-ти Домклик Москва,Индекс московской недвижимости Домклик,177685.04,177685.04,177685.04,177685.04,RUB
2019-05-29,MREDC,Индекс недвиж-ти Домклик Москва,Индекс московской недвижимости Домклик,179623.44,179623.44,179623.44,179623.44,RUB
2019-06-05,MREDC,Индекс недвиж-ти Домклик Москва,Индекс московской недвижимости Домклик,180445.86,180445.86,180445.86,180445.86,RUB
2019-06-12,MREDC,Индекс недвиж-ти Домклик Москва,Индекс московской недвижимости Домклик,180945.23,180945.23,180945.23,180945.23,RUB
2019-06-19,MREDC,Индекс недвиж-ти Домклик Москва,Индекс московской недвижимости Домклик,179524.29,179524.29,179524.29,179524.29,RUB
2019-06-26,MREDC,Индекс недвиж-ти Домклик Москва,Индекс московской недвижимости Домклик,179802.26,179802.26,179802.26,179802.26,RUB
2019-07-03,MREDC,Индекс недвиж-ти Домклик Москва,Индекс московской недвижимости Домклик,180038.64,180038.64,180038.64,180038.64,RUB
2019-07-10,MREDC,Индекс недвиж-ти Домклик Москва,Индекс московской недвижимости Домклик,180016.65,180016.65,180016.65,180016.65,RUB
2019-07-17,MREDC,Индекс недвиж-ти Домклик Москва,Индекс московской недвижимости Домклик,180963.72,180963.72,180963.72,180963.72,RUB
2019-07-24,MREDC,Индекс недвиж-ти Домклик Москва,Индекс московской недвижимости Домклик,181106.93,181106.93,181106.93,181106.93,RUB
2019-07-31,MREDC,Индекс недвиж-ти Домклик Москва,Индекс московской недвижимости Домклик,180579.28,180579.28,180579.28,180579.28,RUB
2019-08-07,MREDC,Индекс недвиж-ти Домклик Москва,Индекс московской недвижимости Домклик,179041.85,179041.85,179041.85,179041.85,RUB
2019-08-14,MREDC,Индекс недвиж-ти Домклик Москва,Индекс московской недвижимости Домклик,178010.78,178010.78,178010.78,178010.78,RUB
2019-08-21,MREDC,Индекс недвиж-ти Домклик Москва,Индекс московской недвижимости Домклик,179726.4,179726.4,179726.4,179726.4,RUB
2019-08-28,MREDC,Индекс недвиж-ти Домклик Москва,Индекс московской недвижимости Домклик,181144.15,181144.15,181144.15,181144.15,RUB
2019-09-04,MREDC,Индекс недвиж-ти Домклик Москва,Индекс московской недвижимости Домклик,180804.81,180804.81,180804.81,180804.81,RUB
2019-09-11,MREDC,Индекс недвиж-ти Домклик Москва,Индекс московской недвижимости Домклик,181413.06,181413.06,181413.06,181413.06,RUB
2019-09-18,MREDC,Индекс недвиж-ти Домклик Москва,Индекс московской недвижимости Домклик,181197.99,181197.99,181197.99,181197.99,RUB
2019-09-25,MREDC,Индекс недвиж-ти Домклик Москва,Индекс московской недвижимости Домклик,181199.02,181199.02,181199.02,181199.02,RUB
2019-10-02,MREDC,Индекс недвиж-ти Домклик Москва,Индекс московской недвижимости Домклик,182055.52,182055.52,182055.52,182055.52,RUB
2019-10-09,MREDC,Индекс недвиж-ти Домклик Москва,Индекс московской недвижимости Домклик,182966.35,182966.35,182966.35,182966.35,RUB
2019-10-16,MREDC,Индекс недвиж-ти Домклик Москва,Индекс московской недвижимости Домклик,182821.2,182821.2,182821.2,182821.2,RUB
2019-10-23,MREDC,Индекс недвиж-ти Домклик Москва,Индекс московской недвижимости Домклик,182584.36,182584.36,182584.36,182584.36,RUB
2019-10-30,MREDC,Индекс недвиж-ти Домклик Москва,Индекс московской недвижимости Домклик,182373.17,182373.17,182373.17,182373.17,RUB
2019-11-06,MREDC,Индекс недвиж-ти Домклик Москва,Индекс московской недвижимости Домклик,181284.26,181284.26,181284.26,181284.26,RUB
2019-11-13,MREDC,Индекс недвиж-ти Домклик Москва,Индекс московской недвижимости Домклик,181804.98,181804.98,181804.98,181804.98,RUB
2019-11-20,MREDC,Индекс недвиж-ти Домклик Москва,Индекс московской недвижимости Домклик,180825.55,180825.55,180825.55,180825.55,RUB
2019-11-27,MREDC,Индекс недвиж-ти Домклик Москва,Индекс московской недвижимости Домклик,180221.66,180221.66,180221.66,180221.66,RUB
2019-12-04,MREDC,Индекс недвиж-ти Домклик Москва,Индекс московской недвижимости Домклик,180602.58,180602.58,180602.58,180602.58,RUB
2019-12-11,MREDC,Индекс недвиж-ти Домклик Москва,Индекс московской недвижимости Домклик,179888.3,179888.3,179888.3,179888.3,RUB
2019-12-18,MREDC,Индекс недвиж-ти Домклик Москва,Индекс московской недвижимости Домклик,179488.66,179488.66,179488.66,179488.66,RUB
2019-12-25,MREDC,Индекс недвиж-ти Домклик Москва,Индекс московской недвижимости Домклик,179350.75,179350.75,179350.75,179350.75,RUB
2020-01-01,MREDC,Индекс недвиж-ти Домклик Москва,Индекс московской недвижимости Домклик,180783.22,180783.22,180783.22,180783.22,RUB
2020-01-08,MREDC,Индекс недвиж-ти Домклик Москва,Индекс московской недвижимости Домклик,179993.73,179993.73,179993.73,179993.73,RUB
2020-01-15,MREDC,Индекс недвиж-ти Домклик Москва,Индекс московской недвижимости Домклик,180693.39,180693.39,180693.39,180693.39,RUB
2020-01-22,MREDC,Индекс недвиж-ти Домклик Москва,Индекс московской недвижимости Домклик,182583.81,182583.81,182583.81,182583.81,RUB
2020-01-29,MREDC,Индекс недвиж-ти Домклик Москва,Индекс московской недвижимости Домклик,182689.9,182689.9,182689.9,182689.9,RUB
2020-02-05,MREDC,Индекс недвиж-ти Домклик Москва,Индекс московской недвижимости Домклик,181807.72,181807.72,181807.72,181807.72,RUB
2020-02-12,MREDC,Индекс недвиж-ти Домклик Москва,Индекс московской недвижимости Домклик,182646.23,182646.23,182646.23,182646.23,RUB
2020-02-19,MREDC,Индекс недвиж-ти Домклик Москва,Индекс московской недвижимости Домклик,181599.68,181599.68,181599.68,181599.68,RUB
2020-02-26,MREDC,Индекс недвиж-ти Домклик Москва,Индекс московской недвижимости Домклик,181311.27,181311.27,181311.27,181311.27,RUB
2020-03-04,MREDC,Индекс недвиж-ти Домклик Москва,Индекс московской недвижимости Домклик,182570.62,182570.62,182570.62,182570.62,RUB
2020-03-11,MREDC,Индекс недвиж-ти Домклик Москва,Индекс московской недвижимости Домклик,182274.24,182274.24,182274.24,182274.24,RUB
2020-03-18,MREDC,Индекс недвиж-ти Домклик Москва,Индекс московской недвижимости Домклик,183497.2,183497.2,183497.2,183497.2,RUB
2020-03-25,MREDC,Индекс недвиж-ти Домклик Москва,Индекс московской недвижимости Домклик,184642.5,184642.5,184642.5,184642.5,RUB
2020-04-01,MREDC,Индекс недвиж-ти Домклик Москва,Индекс московской недвижимости Домклик,183592.14,183592.14,183592.14,183592.14,RUB
2020-04-08,MREDC,Индекс недвиж-ти Домклик Москва,Индекс московской недвижимости Домклик,185106.55,185106.55,185106.55,185106.55,RUB
2020-04-15,MREDC,Индекс недвиж-ти Домклик Москва,Индекс московской недвижимости Домклик,184422.12,184422.12,184422.12,184422.12,RUB
2020-04-22,MREDC,Индекс недвиж-ти Домклик Москва,Индекс московской недвижимости Домклик,183955.82,183955.82,183955.82,183955.82,RUB
2020-04-29,MREDC,Индекс недвиж-ти Домклик Москва,Индекс московской недвижимости Домклик,183525.31,183525.31,183525.31,183525.31,RUB
2020-05-06,MREDC,Индекс недвиж-ти Домклик Москва,Индекс московской недвижимости Домклик,183189.84,183189.84,183189.84,183189.84,RUB
2020-05-13,MREDC,Индекс недвиж-ти Домклик Москва,Индекс московской недвижимости Домклик,184648.25,184648.25,184648.25,184648.25,RUB
2020-05-20,MREDC,Индекс недвиж-ти Домклик Москва,Индекс московской недвижимости Домклик,184407.55,184407.55,184407.55,184407.55,RUB
2020-05-27,MREDC,Индекс недвиж-ти Домклик Москва,Индекс московской недвижимости Домклик,185236.54,185236.54,185236.54,185236.54,RUB
2020-06-03,MREDC,Индекс недвиж-ти Домклик Москва,Индекс московской недвижимости Домклик,185694.75,185694.75,185694.75,185694.75,RUB
2020-06-10,MREDC,Индекс недвиж-ти Домклик Москва,Индекс московской недвижимости Домклик,184662.57,184662.57,184662.57,184662.57,RUB
2020-06-17,MREDC,Индекс недвиж-ти Домклик Москва,Индекс московской недвижимости Домклик,182667.47,182667.47,182667.47,182667.47,RUB
2020-06-24,MREDC,Индекс недвиж-ти Домклик Москва,Индекс московской недвижимости Домклик,183780.15,183780.15,183780.15,183780.15,RUB
2020-07-01,MREDC,Индекс недвиж-ти Домклик Москва,Индекс московской недвижимости Домклик,184583.68,184583.68,184583.68,184583.68,RUB
2020-07-08,MREDC,Индекс недвиж-ти Домклик Москва,Индекс московской недвижимости Домклик,186435.0,186435.0,186435.0,186435.0,RUB
2020-07-15,MREDC,Индекс недвиж-ти Домклик Москва,Индекс московской недвижимости Домклик,186347.68,186347.68,186347.68,186347.68,RUB
2020-07-22,MREDC,Индекс недвиж-ти Домклик Москва,Индекс московской недвижимости Домклик,185810.31,185810.31,185810.31,185810.31,RUB
2020-07-29,MREDC,Индекс недвиж-ти Домклик Москва,Индекс московской недвижимости Домклик,188465.96,188465.96,188465.96,188465.96,RUB
2020-08-05,MREDC,Индекс недвиж-ти Домклик Москва,Индекс московской недвижимости Домклик,188577.7,188577.7,188577.7,188577.7,RUB
2020-08-12,MREDC,Индекс недвиж-ти Домклик Москва,Индекс московской недвижимости Домклик,190255.16,190255.16,190255.16,190255.16,RUB
2020-08-19,MREDC,Индекс недвиж-ти Домклик Москва,Индекс московской недвижимости Домклик,191236.39,191236.39,191236.39,191236.39,RUB
2020-08-26,MREDC,Индекс недвиж-ти Домклик Москва,Индекс московской недвижимости Домклик,189603.28,189603.28,189603.28,189603.28,RUB
2020-09-02,MREDC,Индекс недвиж-ти Домклик Москва,Индекс московской недвижимости Домклик,191745.37,191745.37,191745.37,191745.37,RUB
2020-09-09,MREDC,Индекс недвиж-ти Домклик Москва,Индекс московской недвижимости Домклик,191553.06,191553.06,191553.06,191553.06,RUB
2020-09-16,MREDC,Индекс недвиж-ти Домклик Москва,Индекс московской недвижимости Домклик,191871.57,191871.57,191871.57,191871.57,RUB
2020-09-23,MREDC,Индекс недвиж-ти Домклик Москва,Индекс московской недвижимости Домклик,192843.85,192843.85,192843.85,192843.85,RUB
2020-09-30,MREDC,Индекс недвиж-ти Домклик Москва,Индекс московской недвижимости Домклик,191913.57,191913.57,191913.57,191913.57,RUB
2020-10-07,MREDC,Индекс недвиж-ти Домклик Москва,Индекс московской недвижимости Домклик,193108.83,193108.83,193108.83,193108.83,RUB
2020-10-14,MREDC,Индекс недвиж-ти Домклик Москва,Индекс московской недвижимости Домклик,194486.48,194486.48,194486.48,194486.48,RUB
2020-10-21,MREDC,Индекс недвиж-ти Домклик Москва,Индекс московской недвижимости Домклик,195493.32,195493.32,195493.32,195493.32,RUB
2020-10-28,MREDC,Индекс недвиж-ти Домклик Москва,Индекс московской недвижимости Домклик,196634.67,196634.67,196634.67,196634.67,RUB
2020-11-05,MREDC,Индекс недвиж-ти Домклик Москва,Индекс московской недвижимости Домклик,197358.61,197358.61,197358.61,197358.61,RUB
2020-11-11,MREDC,Индекс недвиж-ти Домклик Москва,Индекс московской недвижимости Домклик,198286.64,198286.64,198286.64,198286.64,RUB
2020-11-18,MREDC,Индекс недвиж-ти Домклик Москва,Индекс московской недвижимости Домклик,198286.64,199194.1,198286.64,199194.1,RUB
2020-11-25,MREDC,Индекс недвиж-ти Домклик Москва,Индекс московской недвижимости Домклик,199589.71,199589.71,199589.71,199589.71,RUB
2020-12-02,MREDC,Индекс недвиж-ти Домклик Москва,Индекс московской недвижимости Домклик,200369.99,200369.99,200369.99,200369.99,RUB
2020-12-09,MREDC,Индекс недвиж-ти Домклик Москва,Индекс московской недвижимости Домклик,200975.18,200975.18,200975.18,200975.18,RUB
2020-12-16,MREDC,Индекс недвиж-ти Домклик Москва,Индекс московской недвижимости Домклик,201806.25,201806.25,201806.25,201806.25,RUB
2020-12-23,MREDC,Индекс недвиж-ти Домклик Москва,Индекс московской недвижимости Домклик,204029.43,204029.43,204029.43,204029.43,RUB
2020-12-30,MREDC,Индекс недвиж-ти Домклик Москва,Индекс московской недвижимости Домклик,205220.19,205220.19,205220.19,205220.19,RUB
2021-01-06,MREDC,Индекс недвиж-ти Домклик Москва,Индекс московской недвижимости Домклик,205331.12,205331.12,205331.12,205331.12,RUB
2021-01-13,MREDC,Индекс недвиж-ти Домклик Москва,Индекс московской недвижимости Домклик,204928.21,204928.21,204928.21,204928.21,RUB
2021-01-20,MREDC,Индекс недвиж-ти Домклик Москва,Индекс московской недвижимости Домклик,205729.38,205729.38,205729.38,205729.38,RUB
2021-01-27,MREDC,Индекс недвиж-ти Домклик Москва,Индекс московской недвижимости Домклик,207569.96,207569.96,207569.96,207569.96,RUB
2021-02-03,MREDC,Индекс недвиж-ти Домклик Москва,Индекс московской недвижимости Домклик,209347.5,209347.5,209347.5,209347.5,RUB
2021-02-10,MREDC,Индекс недвиж-ти Домклик Москва,Индекс московской недвижимости Домклик,209640.21,209640.21,209640.21,209640.21,RUB
2021-02-17,MREDC,Индекс недвиж-ти Домклик Москва,Индекс московской недвижимости Домклик,209465.25,209465.25,209465.25,209465.25,RUB
2021-02-24,MREDC,Индекс недвиж-ти Домклик Москва,Индекс московской недвижимости Домклик,211396.41,211396.41,211396.41,211396.41,RUB
2021-03-03,MREDC,Индекс недвиж-ти Домклик Москва,Индекс московской недвижимости Домклик,212773.53,212773.53,212773.53,212773.53,RUB
2021-03-10,MREDC,Индекс недвиж-ти Домклик Москва,Индекс московской недвижимости Домклик,214959.15,214959.15,214959.15,214959.15,RUB
2021-03-17,MREDC,Индекс недвиж-ти Домклик Москва,Индекс московской недвижимости Домклик,218250.16,218250.16,218250.16,218250.16,RUB
2021-03-24,MREDC,Индекс недвиж-ти Домклик Москва,Индекс московской недвижимости Домклик,217864.79,217864.79,217864.79,217864.79,RUB
2021-03-31,MREDC,Индекс недвиж-ти Домклик Москва,Индекс московской недвижимости Домклик,217665.48,217665.48,217665.48,217665.48,RUB
2021-04-07,MREDC,Индекс недвиж-ти Домклик Москва,Индекс московской недвижимости Домклик,219942.97,219942.97,219942.97,219942.97,RUB
2021-04-14,MREDC,Индекс недвиж-ти Домклик Москва,Индекс московской недвижимости Домклик,219186.09,219186.09,219186.09,219186.09,RUB
2021-04-21,MREDC,Индекс недвиж-ти Домклик Москва,Индекс московской недвижимости Домклик,221193.3,221193.3,221193.3,221193.3,RUB
2021-04-28,MREDC,Индекс недвиж-ти Домклик Москва,Индекс московской недвижимости Домклик,220921.89,220921.89,220921.89,220921.89,RUB
2021-05-05,MREDC,Индекс недвиж-ти Домклик Москва,Индекс московской недвижимости Домклик,222146.15,222146.15,222146.15,222146.15,RUB
2021-05-12,MREDC,Индекс недвиж-ти Домклик Москва,Индекс московской недвижимости Домклик,223605.36,223605.36,223605.36,223605.36,RUB
2021-05-24,MREDC,Индекс недвиж-ти Домклик Москва,Индекс московской недвижимости Домклик,224687.2,224687.2,224687.2,224687.2,RUB
2021-05-26,MREDC,Индекс недвиж-ти Домклик Москва,Индекс московской недвижимости Домклик,224214.03,224214.03,224214.03,224214.03,RUB
2021-06-02,MREDC,Индекс недвиж-ти Домклик Москва,Индекс московской недвижимости Домклик,225354.8,225354.8,225354.8,225354.8,RUB
2021-06-09,MREDC,Индекс недвиж-ти Домклик Москва,Индекс московской недвижимости Домклик,225609.87,225609.87,225609.87,225609.87,RUB
2021-06-16,MREDC,Индекс недвиж-ти Домклик Москва,Индекс московской недвижимости Домклик,226753.63,226753.63,226753.63,226753.63,RUB
2021-06-23,MREDC,Индекс недвиж-ти Домклик Москва,Индекс московской недвижимости Домклик,228002.57,228002.57,228002.57,228002.57,RUB
2021-06-30,MREDC,Индекс недвиж-ти Домклик Москва,Индекс московской недвижимости Домклик,229635.5,229635.5,229635.5,229635.5,RUB
2021-07-07,MREDC,Индекс недвиж-ти Домклик Москва,Индекс московской недвижимости Домклик,231225.74,231225.74,231225.74,231225.74,RUB
2021-07-14,MREDC,Индекс недвиж-ти Домклик Москва,Индекс московской недвижимости Домклик,233568.44,233568.44,233568.44,233568.44,RUB
2021-07-21,MREDC,Индекс недвиж-ти Домклик Москва,Индекс московской недвижимости Домклик,234726.73,234726.73,234726.73,234726.73,RUB
2021-07-28,MREDC,Индекс недвиж-ти Домклик Москва,Индекс московской недвижимости Домклик,235973.32,235973.32,235973.32,235973.32,RUB
2021-08-04,MREDC,Индекс недвиж-ти Домклик Москва,Индекс московской недвижимости Домклик,236690.72,236690.72,236690.72,236690.72,RUB
2021-08-11,MREDC,Индекс недвиж-ти Домклик Москва,Индекс московской недвижимости Домклик,236165.8,236165.8,236165.8,236165.8,RUB
2021-08-18,MREDC,Индекс недвиж-ти Домклик Москва,Индекс московской недвижимости Домклик,236618.8,236618.8,236618.8,236618.8,RUB
2021-08-25,MREDC,Индекс недвиж-ти Домклик Москва,Индекс московской недвижимости Домклик,237793.95,237793.95,237793.95,237793.95,RUB
2021-09-01,MREDC,Индекс недвиж-ти Домклик Москва,Индекс московской недвижимости Домклик,236871.1,236871.1,236871.1,236871.1,RUB
2021-09-08,MREDC,Индекс недвиж-ти Домклик Москва,Индекс московской недвижимости Домклик,239221.65,239221.65,239221.65,239221.65,RUB
2021-09-15,MREDC,Индекс недвиж-ти Домклик Москва,Индекс московской недвижимости Домклик,241041.16,241041.16,241041.16,241041.16,RUB
2021-09-22,MREDC,Индекс недвиж-ти Домклик Москва,Индекс московской недвижимости Домклик,240911.82,240911.82,240911.82,240911.82,RUB
2021-09-29,MREDC,Индекс недвиж-ти Домклик Москва,Индекс московской недвижимости Домклик,242711.33,242711.33,242711.33,242711.33,RUB
2021-10-06,MREDC,Индекс недвиж-ти Домклик Москва,Индекс московской недвижимости Домклик,243133.41,243133.41,243133.41,243133.41,RUB
2021-10-13,MREDC,Индекс недвиж-ти Домклик Москва,Индекс московской недвижимости Домклик,242795.9,242795.9,242795.9,242795.9,RUB
2021-10-20,MREDC,Индекс недвиж-ти Домклик Москва,Индекс московской недвижимости Домклик,244004.28,244004.28,244004.28,244004.28,RUB
2021-10-27,MREDC,Индекс недвиж-ти Домклик Москва,Индекс московской недвижимости Домклик,248335.64,248335.64,248335.64,248335.64,RUB
2021-11-03,MREDC,Индекс недвиж-ти Домклик Москва,Индекс московской недвижимости Домклик,249764.49,249764.49,249764.49,249764.49,RUB
2021-11-10,MREDC,Индекс недвиж-ти Домклик Москва,Индекс московской недвижимости Домклик,250093.87,250093.87,250093.87,250093.87,RUB
2021-11-17,MREDC,Индекс недвиж-ти Домклик Москва,Индекс московской недвижимости Домклик,251942.74,251942.74,251942.74,251942.74,RUB
2021-11-24,MREDC,Индекс недвиж-ти Домклик Москва,Индекс московской недвижимости Домклик,252660.19,252660.19,252660.19,252660.19,RUB
2021-12-01,MREDC,Индекс недвиж-ти Домклик Москва,Индекс московской недвижимости Домклик,252863.74,252863.74,252863.74,252863.74,RUB
2021-12-08,MREDC,Индекс недвиж-ти Домклик Москва,Индекс московской недвижимости Домклик,254462.08,254462.08,254462.08,254462.08,RUB
2021-12-15,MREDC,Индекс недвиж-ти Домклик Москва,Индекс московской недвижимости Домклик,255933.43,255933.43,255933.43,255933.43,RUB
2021-12-22,MREDC,Индекс недвиж-ти Домклик Москва,Индекс московской недвижимости Домклик,256386.67,256386.67,256386.67,256386.67,RUB
2021-12-29,MREDC,Индекс недвиж-ти Домклик Москва,Индекс московской недвижимости Домклик,257412.94,257412.94,257412.94,257412.94,RUB
2022-01-05,MREDC,Индекс недвиж-ти Домклик Москва,Индекс московской недвижимости Домклик,257310.3,257310.3,257310.3,257310.3,RUB
2022-01-12,MREDC,Индекс недвиж-ти Домклик Москва,Индекс московской недвижимости Домклик,257591.8,257591.8,257591.8,257591.8,RUB
2022-01-19,MREDC,Индекс недвиж-ти Домклик Москва,Индекс московской недвижимости Домклик,258980.96,258980.96,258980.96,258980.96,RUB
2022-01-26,MREDC,Индекс недвиж-ти Домклик Москва,Индекс московской недвижимости Домклик,262494.76,262494.76,262494.76,262494.76,RUB
2022-02-02,MREDC,Индекс недвиж-ти Домклик Москва,Индекс московской недвижимости Домклик,264220.24,264220.24,264220.24,264220.24,RUB
2022-02-09,MREDC,Индекс недвиж-ти Домклик Москва,Индекс московской недвижимости Домклик,264328.38,264328.38,264328.38,264328.38,RUB
2022-02-16,MREDC,Индекс недвиж-ти Домклик Москва,Индекс московской недвижимости Домклик,264330.99,264330.99,264330.99,264330.99,RUB
2022-02-24,MREDC,Индекс недвиж-ти Домклик Москва,Индекс московской недвижимости Домклик,265189.76,265189.76,265189.76,265189.76,RUB
2022-03-01,MREDC,Индекс недвиж-ти Домклик Москва,Индекс московской недвижимости Домклик,264533.7,264533.7,264533.7,264533.7,RUB
2022-03-08,MREDC,Индекс недвиж-ти Домклик Москва,Индекс московской недвижимости Домклик,266111.68,266111.68,266111.68,266111.68,RUB
2022-03-16,MREDC,Индекс недвиж-ти Домклик Москва,Индекс московской недвижимости Домклик,268455.09,268455.09,268455.09,268455.09,RUB
2022-03-23,MREDC,Индекс недвиж-ти Домклик Москва,Индекс московской недвижимости Домклик,270619.04,270619.04,270619.04,270619.04,RUB
2022-03-30,MREDC,Индекс недвиж-ти Домклик Москва,Индекс московской недвижимости Домклик,276245.76,276245.76,276245.76,276245.76,RUB
2022-04-06,MREDC,Индекс недвиж-ти Домклик Москва,Индекс московской недвижимости Домклик,279511.26,279511.26,279511.26,279511.26,RUB
2022-04-13,MREDC,Индекс недвиж-ти Домклик Москва,Индекс московской недвижимости Домклик,281195.12,281195.12,281195.12,281195.12,RUB
2022-04-20,MREDC,Индекс недвиж-ти Домклик Москва,Индекс московской недвижимости Домклик,282993.79,282993.79,282993.79,282993.79,RUB
2022-04-27,MREDC,Индекс недвиж-ти Домклик Москва,Индекс московской недвижимости Домклик,283098.88,283098.88,283098.88,283098.88,RUB
2022-05-04,MREDC,Индекс недвиж-ти Домклик Москва,Индекс московской недвижимости Домклик,285641.7,285641.7,285641.7,285641.7,RUB
2022-05-11,MREDC,Индекс недвиж-ти Домклик Москва,Индекс московской недвижимости Домклик,285152.2,285152.2,285152.2,285152.2,RUB
2022-05-18,MREDC,Индекс недвиж-ти Домклик Москва,Индекс московской недвижимости Домклик,288725.1,288725.1,288725.1,288725.1,RUB
2022-05-25,MREDC,Индекс недвиж-ти Домклик Москва,Индекс московской недвижимости Домклик,288819.76,288819.76,288819.76,288819.76,RUB
2022-06-01,MREDC,Индекс недвиж-ти Домклик Москва,Индекс московской недвижимости Домклик,288044.88,288044.88,288044.88,288044.88,RUB
2022-06-08,MREDC,Индекс недвиж-ти Домклик Москва,Индекс московской недвижимости Домклик,285523.66,285523.66,285523.66,285523.66,RUB
2022-06-15,MREDC,Индекс недвиж-ти Домклик Москва,Индекс московской недвижимости Домклик,282530.73,282530.73,282530.73,282530.73,RUB
2022-06-22,MREDC,Индекс недвиж-ти Домклик Москва,Индекс московской недвижимости Домклик,277878.18,277878.18,277878.18,277878.18,RUB
2022-06-29,MREDC,Индекс недвиж-ти Домклик Москва,Индекс московской недвижимости Домклик,274767.47,274767.47,274767.47,274767.47,RUB
2022-07-06,MREDC,Индекс недвиж-ти Домклик Москва,Индекс московской недвижимости Домклик,271758.38,271758.38,271758.38,271758.38,RUB
2022-07-13,MREDC,Индекс недвиж-ти Домклик Москва,Индекс московской недвижимости Домклик,268993.18,268993.18,268993.18,268993.18,RUB
2022-07-20,MREDC,Индекс недвиж-ти Домклик Москва,Индекс московской недвижимости Домклик,268552.95,268552.95,268552.95,268552.95,RUB
2022-07-27,MREDC,Индекс недвиж-ти Домклик Москва,Индекс московской недвижимости Домклик,270646.28,270646.28,270646.28,270646.28,RUB
2022-08-03,MREDC,Индекс недвиж-ти Домклик Москва,Индекс московской недвижимости Домклик,271752.42,271752.42,271752.42,271752.42,RUB
2022-08-10,MREDC,Индекс недвиж-ти Домклик Москва,Индекс московской недвижимости Домклик,273479.32,273479.32,273479.32,273479.32,RUB
2022-08-17,MREDC,Индекс недвиж-ти Домклик Москва,Индекс московской недвижимости Домклик,272879.2,272879.2,272879.2,272879.2,RUB
2022-08-24,MREDC,Индекс недвиж-ти Домклик Москва,Индекс московской недвижимости Домклик,270706.33,270706.33,270706.33,270706.33,RUB
2022-08-31,MREDC,Индекс недвиж-ти Домклик Москва,Индекс московской недвижимости Домклик,269102.87,269102.87,269102.87,269102.87,RUB
2022-09-07,MREDC,Индекс недвиж-ти Домклик Москва,Индекс московской недвижимости Домклик,268571.69,268571.69,268571.69,268571.69,RUB
2022-09-16,MREDC,Индекс недвиж-ти Домклик Москва,Индекс московской недвижимости Домклик,269230.7,269230.7,269230.7,269230.7,RUB
2022-09-21,MREDC,Индекс недвиж-ти Домклик Москва,Индекс московской недвижимости Домклик,268714.08,268714.08,268714.08,268714.08,RUB
2022-09-28,MREDC,Индекс недвиж-ти Домклик Москва,Индекс московской недвижимости Домклик,271231.76,271231.76,271231.76,271231.76,RUB
2022-10-05,MREDC,Индекс недвиж-ти Домклик Москва,Индекс московской недвижимости Домклик,270946.43,270946.43,270946.43,270946.43,RUB
2022-10-12,MREDC,Индекс недвиж-ти Домклик Москва,Индекс московской недвижимости Домклик,270901.14,270901.14,270901.14,270901.14,RUB
2022-10-19,MREDC,Индекс недвиж-ти Домклик Москва,Индекс московской недвижимости Домклик,270158.67,270158.67,270158.67,270158.67,RUB
2022-10-26,MREDC,Индекс недвиж-ти Домклик Москва,Индекс московской недвижимости Домклик,268979.71,268979.71,268979.71,268979.71,RUB
2022-11-02,MREDC,Индекс недвиж-ти Домклик Москва,Индекс московской недвижимости Домклик,266660.74,266660.74,266660.74,266660.74,RUB
2022-11-09,MREDC,Индекс недвиж-ти Домклик Москва,Индекс московской недвижимости Домклик,265458.95,265458.95,265458.95,265458.95,RUB
2022-11-16,MREDC,Индекс недвиж-ти Домклик Москва,Индекс московской недвижимости Домклик,264946.29,264946.29,264946.29,264946.29,RUB
2022-11-23,MREDC,Индекс недвиж-ти Домклик Москва,Индекс московской недвижимости Домклик,263011.25,263011.25,263011.25,263011.25,RUB
2022-11-30,MREDC,Индекс недвиж-ти Домклик Москва,Индекс московской недвижимости Домклик,261877.38,261877.38,261877.38,261877.38,RUB
2022-12-07,MREDC,Индекс недвиж-ти Домклик Москва,Индекс московской недвижимости Домклик,260676.49,260676.49,260676.49,260676.49,RUB
2022-12-14,MREDC,Индекс недвиж-ти Домклик Москва,Индекс московской недвижимости Домклик,259275.29,259275.29,259275.29,259275.29,RUB
2022-12-21,MREDC,Индекс недвиж-ти Домклик Москва,Индекс московской недвижимости Домклик,258915.19,258915.19,258915.19,258915.19,RUB
2022-12-28,MREDC,Индекс недвиж-ти Домклик Москва,Индекс московской недвижимости Домклик,257917.82,257917.82,257917.82,257917.82,RUB
2023-01-04,MREDC,Индекс недвиж-ти Домклик Москва,Индекс московской недвижимости Домклик,255660.78,255660.78,255660.78,255660.78,RUB
2023-01-11,MREDC,Индекс недвиж-ти Домклик Москва,Индекс московской недвижимости Домклик,254934.94,254934.94,254934.94,254934.94,RUB
2023-01-18,MREDC,Индекс недвиж-ти Домклик Москва,Индекс московской недвижимости Домклик,253316.39,253316.39,253316.39,253316.39,RUB
2023-01-25,MREDC,Индекс недвиж-ти Домклик Москва,Индекс московской недвижимости Домклик,254632.42,254632.42,254632.42,254632.42,RUB
2023-02-01,MREDC,Индекс недвиж-ти Домклик Москва,Индекс московской недвижимости Домклик,253777.9,253777.9,253777.9,253777.9,RUB
2023-02-08,MREDC,Индекс недвиж-ти Домклик Москва,Индекс московской недвижимости Домклик,254855.64,254855.64,254855.64,254855.64,RUB
2023-02-15,MREDC,Индекс недвиж-ти Домклик Москва,Индекс московской недвижимости Домклик,254311.87,254311.87,254311.87,254311.87,RUB
2023-02-22,MREDC,Индекс недвиж-ти Домклик Москва,Индекс московской недвижимости Домклик,255862.61,255862.61,255862.61,255862.61,RUB
2023-03-01,MREDC,Индекс недвиж-ти Домклик Москва,Индекс московской недвижимости Домклик,256915.95,256915.95,256915.95,256915.95,RUB
2023-03-09,MREDC,Индекс недвиж-ти Домклик Москва,Индекс московской недвижимости Домклик,256602.36,256602.36,256602.36,256602.36,RUB
2023-03-15,MREDC,Индекс недвиж-ти Домклик Москва,Индекс московской недвижимости Домклик,257479.07,257479.07,257479.07,257479.07,RUB
2023-03-22,MREDC,Индекс недвиж-ти Домклик Москва,Индекс московской недвижимости Домклик,256982.3,256982.3,256982.3,256982.3,RUB
2023-03-29,MREDC,Индекс недвиж-ти Домклик Москва,Индекс московской недвижимости Домклик,255997.39,255997.39,255997.39,255997.39,RUB
2023-04-05,MREDC,Индекс недвиж-ти Домклик Москва,Индекс московской недвижимости Домклик,255503.23,255503.23,255503.23,255503.23,RUB
2023-04-12,MREDC,Индекс недвиж-ти Домклик Москва,Индекс московской недвижимости Домклик,254579.58,254579.58,254579.58,254579.58,RUB
2023-04-19,MREDC,Индекс недвиж-ти Домклик Москва,Индекс московской недвижимости Домклик,255262.93,255262.93,255262.93,255262.93,RUB
2023-04-26,MREDC,Индекс недвиж-ти Домклик Москва,Индекс московской недвижимости Домклик,255210.95,255210.95,255210.95,255210.95,RUB
2023-05-03,MREDC,Индекс недвиж-ти Домклик Москва,Индекс московской недвижимости Домклик,260118.17,260118.17,260118.17,260118.17,RUB
2023-05-10,MREDC,Индекс недвиж-ти Домклик Москва,Индекс московской недвижимости Домклик,259966.15,259966.15,259966.15,259966.15,RUB
2023-05-17,MREDC,Индекс недвиж-ти Домклик Москва,Индекс московской недвижимости Домклик,260960.66,260960.66,260960.66,260960.66,RUB
2023-05-24,MREDC,Индекс недвиж-ти Домклик Москва,Индекс московской недвижимости Домклик,261755.1,261755.1,261755.1,261755.1,RUB
2023-05-31,MREDC,Индекс недвиж-ти Домклик Москва,Индекс московской недвижимости Домклик,261092.38,261092.38,261092.38,261092.38,RUB
2023-06-07,MREDC,Индекс недвиж-ти Домклик Москва,Индекс московской недвижимости Домклик,262258.53,262258.53,262258.53,262258.53,RUB
2023-06-14,MREDC,Индекс недвиж-ти Домклик Москва,Индекс московской недвижимости Домклик,263464.66,263464.66,263464.66,263464.66,RUB
2023-06-21,MREDC,Индекс недвиж-ти Домклик Москва,Индекс московской недвижимости Домклик,263986.1,263986.1,263986.1,263986.1,RUB
2023-06-28,MREDC,Индекс недвиж-ти Домклик Москва,Индекс московской недвижимости Домклик,265953.35,265953.35,265953.35,265953.35,RUB
2023-07-05,MREDC,Индекс недвиж-ти Домклик Москва,Индекс московской недвижимости Домклик,266048.92,266048.92,266048.92,266048.92,RUB
2023-07-12,MREDC,Индекс недвиж-ти Домклик Москва,Индекс московской недвижимости Домклик,265820.03,265820.03,265820.03,265820.03,RUB
2023-07-19,MREDC,Индекс недвиж-ти Домклик Москва,Индекс московской недвижимости Домклик,265105.97,265105.97,265105.97,265105.97,RUB
2023-07-26,MREDC,Индекс недвиж-ти Домклик Москва,Индекс московской недвижимости Домклик,265211.84,265211.84,265211.84,265211.84,RUB
2023-08-02,MREDC,Индекс недвиж-ти Домклик Москва,Индекс московской недвижимости Домклик,264312.51,264312.51,264312.51,264312.51,RUB
2023-08-09,MREDC,Индекс недвиж-ти Домклик Москва,Индекс московской недвижимости Домклик,268114.16,268114.16,268114.16,268114.16,RUB
2023-08-16,MREDC,Индекс недвиж-ти Домклик Москва,Индекс московской недвижимости Домклик,269031.53,269031.53,269031.53,269031.53,RUB
2023-08-23,MREDC,Индекс недвиж-ти Домклик Москва,Индекс московской недвижимости Домклик,271506.67,271506.67,271506.67,271506.67,RUB
2023-08-30,MREDC,Индекс недвиж-ти Домклик Москва,Индекс московской недвижимости Домклик,272182.77,272182.77,272182.77,272182.77,RUB
2023-09-06,MREDC,Индекс недвиж-ти Домклик Москва,Индекс московской недвижимости Домклик,273510.84,273510.84,273510.84,273510.84,RUB
2023-09-13,MREDC,Индекс недвиж-ти Домклик Москва,Индекс московской недвижимости Домклик,275555.99,275555.99,275555.99,275555.99,RUB
2023-09-20,MREDC,Индекс недвиж-ти Домклик Москва,Индекс московской недвижимости Домклик,276984.77,276984.77,276984.77,276984.77,RUB
2023-09-27,MREDC,Индекс недвиж-ти Домклик Москва,Индекс московской недвижимости Домклик,277555.51,277555.51,277555.51,277555.51,RUB
2023-10-04,MREDC,Индекс недвиж-ти Домклик Москва,Индекс московской недвижимости Домклик,278455.53,278455.53,278455.53,278455.53,RUB
2023-10-11,MREDC,Индекс недвиж-ти Домклик Москва,Индекс московской недвижимости Домклик,280283.98,280283.98,280283.98,280283.98,RUB
2023-10-18,MREDC,Индекс недвиж-ти Домклик Москва,Индекс московской недвижимости Домклик,280149.17,280149.17,280149.17,280149.17,RUB
2023-10-25,MREDC,Индекс недвиж-ти Домклик Москва,Индекс московской недвижимости Домклик,281601.21,281601.21,281601.21,281601.21,RUB
2023-11-01,MREDC,Индекс недвиж-ти Домклик Москва,Индекс московской недвижимости Домклик,282709.06,282709.06,282709.06,282709.06,RUB
2023-11-08,MREDC,Индекс недвиж-ти Домклик Москва,Индекс московской недвижимости Домклик,283840.79,283840.79,283840.79,283840.79,RUB
2023-11-15,MREDC,Индекс недвиж-ти Домклик Москва,Индекс московской недвижимости Домклик,285497.97,285497.97,285497.97,285497.97,RUB
2023-11-22,MREDC,Индекс недвиж-ти Домклик Москва,Индекс московской недвижимости Домклик,286147.47,286147.47,286147.47,286147.47,RUB
2023-11-29,MREDC,Индекс недвиж-ти Домклик Москва,Индекс московской недвижимости Домклик,286436.14,286436.14,286436.14,286436.14,RUB
2023-12-06,MREDC,Индекс недвиж-ти Домклик Москва,Индекс московской недвижимости Домклик,286592.02,286592.02,286592.02,286592.02,RUB
2023-12-13,MREDC,Индекс недвиж-ти Домклик Москва,Индекс московской недвижимости Домклик,286224.46,286224.46,286224.46,286224.46,RUB
2023-12-20,MREDC,Индекс недвиж-ти Домклик Москва,Индекс московской недвижимости Домклик,285092.83,285092.83,285092.83,285092.83,RUB
2023-12-27,MREDC,Индекс недвиж-ти Домклик Москва,Индекс московской недвижимости Домклик,285189.63,285189.63,285189.63,285189.63,RUB
2024-01-03,MREDC,Индекс недвиж-ти Домклик Москва,Индекс московской недвижимости Домклик,284198.72,284198.72,284198.72,284198.72,RUB
2024-01-11,MREDC,Индекс недвиж-ти Домклик Москва,Индекс московской недвижимости Домклик,284967.16,284967.16,284967.16,284967.16,RUB
2024-01-17,MREDC,Индекс недвиж-ти Домклик Москва,Индекс московской недвижимости Домклик,284708.22,284708.22,284708.22,284708.22,RUB
2024-01-24,MREDC,Индекс недвиж-ти Домклик Москва,Индекс московской недвижимости Домклик,286548.41,286548.41,286548.41,286548.41,RUB
2024-01-31,MREDC,Индекс недвиж-ти Домклик Москва,Индекс московской недвижимости Домклик,287834.05,287834.05,287834.05,287834.05,RUB
2024-02-07,MREDC,Индекс недвиж-ти Домклик Москва,Индекс московской недвижимости Домклик,288148.81,288148.81,288148.81,288148.81,RUB
2024-02-14,MREDC,Индекс недвиж-ти Домклик Москва,Индекс московской недвижимости Домклик,292247.15,292247.15,292247.15,292247.15,RUB
2024-02-21,MREDC,Индекс недвиж-ти Домклик Москва,Индекс московской недвижимости Домклик,292150.8,292150.8,292150.8,292150.8,RUB
2024-02-28,MREDC,Индекс недвиж-ти Домклик Москва,Индекс московской недвижимости Домклик,293940.51,293940.51,293940.51,293940.51,RUB
2024-03-06,MREDC,Индекс недвиж-ти Домклик Москва,Индекс московской недвижимости Домклик,291393.39,291393.39,291393.39,291393.39,RUB
2024-03-13,MREDC,Индекс недвиж-ти Домклик Москва,Индекс московской недвижимости Домклик,296472.59,296472.59,296472.59,296472.59,RUB
2024-03-20,MREDC,Индекс недвиж-ти Домклик Москва,Индекс московской недвижимости Домклик,295859.56,295859.56,295859.56,295859.56,RUB
2024-03-27,MREDC,Индекс недвиж-ти Домклик Москва,Индекс московской недвижимости Домклик,294482.13,294482.13,294482.13,294482.13,RUB
2024-04-03,MREDC,Индекс недвиж-ти Домклик Москва,Индекс московской недвижимости Домклик,294931.38,294931.38,294931.38,294931.38,RUB
2024-04-10,MREDC,Индекс недвиж-ти Домклик Москва,Индекс московской недвижимости Домклик,297302.97,297302.97,297302.97,297302.97,RUB
2024-04-17,MREDC,Индекс недвиж-ти Домклик Москва,Индекс московской недвижимости Домклик,297441.98,297441.98,297441.98,297441.98,RUB
2024-04-24,MREDC,Индекс недвиж-ти Домклик Москва,Индекс московской недвижимости Домклик,300326.99,300326.99,300326.99,300326.99,RUB
2024-05-02,MREDC,Индекс недвиж-ти Домклик Москва,Индекс московской недвижимости Домклик,300869.47,300869.47,300869.47,300869.47,RUB
2024-05-08,MREDC,Индекс недвиж-ти Домклик Москва,Индекс московской недвижимости Домклик,298514.2,298514.2,298514.2,298514.2,RUB
2024-05-15,MREDC,Индекс недвиж-ти Домклик Москва,Индекс московской недвижимости Домклик,296469.03,296469.03,296469.03,296469.03,RUB
2024-05-22,MREDC,Индекс недвиж-ти Домклик Москва,Индекс московской недвижимости Домклик,294218.03,294218.03,294218.03,294218.03,RUB
2024-05-29,MREDC,Индекс недвиж-ти Домклик Москва,Индекс московской недвижимости Домклик,297262.28,297262.28,297262.28,297262.28,RUB
2024-06-05,MREDC,Индекс недвиж-ти Домклик Москва,Индекс московской недвижимости Домклик,298515.36,298515.36,298515.36,298515.36,RUB
2024-06-13,MREDC,Индекс недвиж-ти Домклик Москва,Индекс московской недвижимости Домклик,301057.24,301057.24,301057.24,301057.24,RUB
2024-06-19,MREDC,Индекс недвиж-ти Домклик Москва,Индекс московской недвижимости Домклик,302090.91,302090.91,302090.91,302090.91,RUB
2024-06-26,MREDC,Индекс недвиж-ти Домклик Москва,Индекс московской недвижимости Домклик,303081.32,303081.32,303081.32,303081.32,RUB
2024-07-03,MREDC,Индекс недвиж-ти Домклик Москва,Индекс московской недвижимости Домклик,303560.95,303560.95,303560.95,303560.95,RUB
2024-07-10,MREDC,Индекс недвиж-ти Домклик Москва,Индекс московской недвижимости Домклик,303171.16,303171.16,303171.16,303171.16,RUB
2024-07-17,MREDC,Индекс недвиж-ти Домклик Москва,Индекс московской недвижимости Домклик,304036.89,304036.89,304036.89,304036.89,RUB
2024-07-24,MREDC,Индекс недвиж-ти Домклик Москва,Индекс московской недвижимости Домклик,299519.72,299519.72,299519.72,299519.72,RUB
2024-07-31,MREDC,Индекс недвиж-ти Домклик Москва,Индекс московской недвижимости Домклик,295107.44,295107.44,295107.44,295107.44,RUB
2024-08-07,MREDC,Индекс недвиж-ти Домклик Москва,Индекс московской недвижимости Домклик,294826.72,294826.72,294826.72,294826.72,RUB
2024-08-14,MREDC,Индекс недвиж-ти Домклик Москва,Индекс московской недвижимости Домклик,291119.9,291119.9,291119.9,291119.9,RUB
2024-08-21,MREDC,Индекс недвиж-ти Домклик Москва,Индекс московской недвижимости Домклик,294892.47,294892.47,294892.47,294892.47,RUB
2024-08-28,MREDC,Индекс недвиж-ти Домклик Москва,Индекс московской недвижимости Домклик,294137.92,294137.92,294137.92,294137.92,RUB
2024-09-04,MREDC,Индекс недвиж-ти Домклик Москва,Индекс московской недвижимости Домклик,294336.83,294336.83,294336.83,294336.83,RUB
2024-09-11,MREDC,Индекс недвиж-ти Домклик Москва,Индекс московской недвижимости Домклик,297500.23,297500.23,297500.23,297500.23,RUB
2024-09-18,MREDC,Индекс недвиж-ти Домклик Москва,Индекс московской недвижимости Домклик,297128.52,297128.52,297128.52,297128.52,RUB
2024-09-25,MREDC,Индекс недвиж-ти Домклик Москва,Индекс московской недвижимости Домклик,299747.7,299747.7,299747.7,299747.7,RUB
2024-10-02,MREDC,Индекс недвиж-ти Домклик Москва,Индекс московской недвижимости Домклик,299626.81,299626.81,299626.81,299626.81,RUB
2024-10-09,MREDC,Индекс недвиж-ти Домклик Москва,Индекс московской недвижимости Домклик,297424.29,297424.29,297424.29,297424.29,RUB
2024-10-16,MREDC,Индекс недвиж-ти Домклик Москва,Индекс московской недвижимости Домклик,298963.35,298963.35,298963.35,298963.35,RUB
2024-10-23,MREDC,Индекс недвиж-ти Домклик Москва,Индекс московской недвижимости Домклик,297713.68,297713.68,297713.68,297713.68,RUB
2024-10-30,MREDC,Индекс недвиж-ти Домклик Москва,Индекс московской недвижимости Домклик,297386.37,297386.37,297386.37,297386.37,RUB
2024-11-06,MREDC,Индекс недвиж-ти Домклик Москва,Индекс московской недвижимости Домклик,298471.38,298471.38,298471.38,298471.38,RUB
2024-11-13,MREDC,Индекс недвиж-ти Домклик Москва,Индекс московской недвижимости Домклик,297851.71,297851.71,297851.71,297851.71,RUB
2024-11-20,MREDC,Индекс недвиж-ти Домклик Москва,Индекс московской недвижимости Домклик,296837.07,296837.07,296837.07,296837.07,RUB
2024-11-27,MREDC,Индекс недвиж-ти Домклик Москва,Индекс московской недвижимости Домклик,299063.41,299063.41,299063.41,299063.41,RUB
2024-12-04,MREDC,Индекс недвиж-ти Домклик Москва,Индекс московской недвижимости Домклик,299826.68,299826.68,299826.68,299826.68,RUB
2024-12-11,MREDC,Индекс недвиж-ти Домклик Москва,Индекс московской недвижимости Домклик,299261.36,299261.36,299261.36,299261.36,RUB
2024-12-18,MREDC,Индекс недвиж-ти Домклик Москва,Индекс московской недвижимости Домклик,300228.6,300228.6,300228.6,300228.6,RUB
2024-12-25,MREDC,Индекс недвиж-ти Домклик Москва,Индекс московской недвижимости Домклик,295765.51,295765.51,295765.51,295765.51,RUB
2025-01-03,MREDC,Индекс недвиж-ти Домклик Москва,Индекс московской недвижимости Домклик,294754.52,294754.52,294754.52,294754.52,RUB
2025-01-08,MREDC,Индекс недвиж-ти Домклик Москва,Индекс московской недвижимости Домклик,295391.66,295391.66,295391.66,295391.66,RUB
2025-01-15,MREDC,Индекс недвиж-ти Домклик Москва,Индекс московской недвижимости Домклик,294264.59,294264.59,294264.59,294264.59,RUB
2025-01-22,MREDC,Индекс недвиж-ти Домклик Москва,Индекс московской недвижимости Домклик,296170.62,296170.62,296170.62,296170.62,RUB
2025-01-29,MREDC,Индекс недвиж-ти Домклик Москва,Индекс московской недвижимости Домклик,296801.49,296801.49,296801.49,296801.49,RUB
2025-02-05,MREDC,Индекс недвиж-ти Домклик Москва,Индекс московской недвижимости Домклик,296596.05,296596.05,296596.05,296596.05,RUB
2025-02-12,MREDC,Индекс недвиж-ти Домклик Москва,Индекс московской недвижимости Домклик,297765.0,297765.0,297765.0,297765.0,RUB
2025-02-19,MREDC,Индекс недвиж-ти Домклик Москва,Индекс московской недвижимости Домклик,299069.86,299069.86,299069.86,299069.86,RUB
2025-02-26,MREDC,Индекс недвиж-ти Домклик Москва,Индекс московской недвижимости Домклик,299713.25,299713.25,299713.25,299713.25,RUB
2025-03-05,MREDC,Индекс недвиж-ти Домклик Москва,Индекс московской недвижимости Домклик,300684.8,300684.8,300684.8,300684.8,RUB
2025-03-12,MREDC,Индекс недвиж-ти Домклик Москва,Индекс московской недвижимости Домклик,305712.49,305712.49,305712.49,305712.49,RUB
2025-03-19,MREDC,Индекс недвиж-ти Домклик Москва,Индекс московской недвижимости Домклик,307456.08,307456.08,307456.08,307456.08,RUB
2025-03-26,MREDC,Индекс недвиж-ти Домклик Москва,Индекс московской недвижимости Домклик,310362.97,310362.97,310362.97,310362.97,RUB
2025-04-02,MREDC,Индекс недвиж-ти Домклик Москва,Индекс московской недвижимости Домклик,309858.43,309858.43,309858.43,309858.43,RUB
2025-04-09,MREDC,Индекс недвиж-ти Домклик Москва,Индекс московской недвижимости Домклик,307388.46,307388.46,307388.46,307388.46,RUB
2025-04-16,MREDC,Индекс недвиж-ти Домклик Москва,Индекс московской недвижимости Домклик,306274.61,306274.61,306274.61,306274.61,RUB
2025-04-23,MREDC,Индекс недвиж-ти Домклик Москва,Индекс московской недвижимости Домклик,307149.68,307149.68,307149.68,307149.68,RUB
2025-04-30,MREDC,Индекс недвиж-ти Домклик Москва,Индекс московской недвижимости Домклик,306127.37,306127.37,306127.37,306127.37,RUB
2025-05-07,MREDC,Индекс недвиж-ти Домклик Москва,Индекс московской недвижимости Домклик,306115.54,306115.54,306115.54,306115.54,RUB
2025-05-14,MREDC,Индекс недвиж-ти Домклик Москва,Индекс московской недвижимости Домклик,306300.67,306300.67,306300.67,306300.67,RUB
2025-05-21,MREDC,Индекс недвиж-ти Домклик Москва,Индекс московской недвижимости Домклик,305889.58,305889.58,305889.58,305889.58,RUB
2025-05-28,MREDC,Индекс недвиж-ти Домклик Москва,Индекс московской недвижимости Домклик,308049.22,308049.22,308049.22,308049.22,RUB
2025-06-04,MREDC,Индекс недвиж-ти Домклик Москва,Индекс московской недвижимости Домклик,306788.95,306788.95,306788.95,306788.95,RUB
2025-06-11,MREDC,Индекс недвиж-ти Домклик Москва,Индекс московской недвижимости Домклик,308112.12,308112.12,308112.12,308112.12,RUB
2025-06-18,MREDC,Индекс недвиж-ти Домклик Москва,Индекс московской недвижимости Домклик,307160.25,307160.25,307160.25,307160.25,RUB
2025-06-25,MREDC,Индекс недвиж-ти Домклик Москва,Индекс московской недвижимости Домклик,307418.56,307418.56,307418.56,307418.56,RUB
2025-07-02,MREDC,Индекс недвиж-ти Домклик Москва,Индекс московской недвижимости Домклик,308111.76,308111.76,308111.76,308111.76,RUB
2025-07-09,MREDC,Индекс недвиж-ти Домклик Москва,Индекс московской недвижимости Домклик,304339.87,304339.87,304339.87,304339.87,RUB
2025-07-16,MREDC,Индекс недвиж-ти Домклик Москва,Индекс московской недвижимости Домклик,304639.7,304639.7,304639.7,304639.7,RUB
2025-07-23,MREDC,Индекс недвиж-ти Домклик Москва,Индекс московской недвижимости Домклик,303144.45,303144.45,303144.45,303144.45,RUB
2025-07-30,MREDC,Индекс недвиж-ти Домклик Москва,Индекс московской недвижимости Домклик,303804.95,303804.95,303804.95,303804.95,RUB
2025-08-06,MREDC,Индекс недвиж-ти Домклик Москва,Индекс московской недвижимости Домклик,304598.34,304598.34,304598.34,304598.34,RUB
2025-08-13,MREDC,Индекс недвиж-ти Домклик Москва,Индекс московской недвижимости Домклик,308671.94,308671.94,308671.94,308671.94,RUB
2025-08-20,MREDC,Индекс недвиж-ти Домклик Москва,Индекс московской недвижимости Домклик,307155.36,307155.36,307155.36,307155.36,RUB
2025-08-27,MREDC,Индекс недвиж-ти Домклик Москва,Индекс московской недвижимости Домклик,307783.02,307783.02,307783.02,307783.02,RUB
2025-09-03,MREDC,Индекс недвиж-ти Домклик Москва,Индекс московской недвижимости Домклик,309768.91,309768.91,309768.91,309768.91,RUB
2025-09-10,MREDC,Индекс недвиж-ти Домклик Москва,Индекс московской недвижимости Домклик,310531.64,310531.64,310531.64,310531.64,RUB
2025-09-17,MREDC,Индекс недвиж-ти Домклик Москва,Индекс московской недвижимости Домклик,314820.27,314820.27,314820.27,314820.27,RUB
2025-09-24,MREDC,Индекс недвиж-ти Домклик Москва,Индекс московской недвижимости Домклик,319102.8,319102.8,319102.8,319102.8,RUB
2025-10-01,MREDC,Индекс недвиж-ти Домклик Москва,Индекс московской недвижимости Домклик,320992.99,320992.99,320992.99,320992.99,RUB
2025-10-08,MREDC,Индекс недвиж-ти Домклик Москва,Индекс московской недвижимости Домклик,322045.45,322045.45,322045.45,322045.45,RUB
2025-10-15,MREDC,Индекс недвиж-ти Домклик Москва,Индекс московской недвижимости Домклик,323252.7,323252.7,323252.7,323252.7,RUB
2025-10-22,MREDC,Индекс недвиж-ти Домклик Москва,Индекс московской недвижимости Домклик,323901.62,323901.62,323901.62,323901.62,RUB
2025-10-29,MREDC,Индекс недвиж-ти Домклик Москва,Индекс московской недвижимости Домклик,322070.02,322070.02,322070.02,322070.02,RUB
2025-11-05,MREDC,Индекс недвиж-ти Домклик Москва,Индекс московской недвижимости Домклик,321807.8,321807.8,321807.8,321807.8,RUB
2025-11-12,MREDC,Индекс недвиж-ти Домклик Москва,Индекс московской недвижимости Домклик,320226.6,320226.6,320226.6,320226.6,RUB
2025-11-19,MREDC,Индекс недвиж-ти Домклик Москва,Индекс московской недвижимости Домклик,322325.77,322325.77,322325.77,322325.77,RUB
2025-11-26,MREDC,Индекс недвиж-ти Домклик Москва,Индекс московской недвижимости Домклик,324479.79,324479.79,324479.79,324479.79,RUB
2025-12-03,MREDC,Индекс недвиж-ти Домклик Москва,Индекс московской недвижимости Домклик,326324.32,326324.32,326324.32,326324.32,RUB
2025-12-10,MREDC,Индекс недвиж-ти Домклик Москва,Индекс московской недвижимости Домклик,327221.01,327221.01,327221.01,327221.01,RUB
2025-12-17,MREDC,Индекс недвиж-ти Домклик Москва,Индекс московской недвижимости Домклик,328262.91,328262.91,328262.91,328262.91,RUB
2025-12-24,MREDC,Индекс недвиж-ти Домклик Москва,Индекс московской недвижимости Домклик,330049.43,330049.43,330049.43,330049.43,RUB
2026-01-05,MREDC,Индекс недвиж-ти Домклик Москва,Индекс московской недвижимости Домклик,331428.05,331428.05,331428.05,331428.05,RUB
2026-01-08,MREDC,Индекс недвиж-ти Домклик Москва,Индекс московской недвижимости Домклик,333205.63,333205.63,333205.63,333205.63,RUB
2026-01-14,MREDC,Индекс недвиж-ти Домклик Москва,Индекс московской недвижимости Домклик,331227.72,331227.72,331227.72,331227.72,RUB
2026-01-21,MREDC,Индекс недвиж-ти Домклик Москва,Индекс московской недвижимости Домклик,335687.84,335687.84,335687.84,335687.84,RUB
2026-01-28,MREDC,Индекс недвиж-ти Домклик Москва,Индекс московской недвижимости Домклик,335741.99,335741.99,335741.99,335741.99,RUB
2026-02-04,MREDC,Индекс недвиж-ти Домклик Москва,Индекс московской недвижимости Домклик,337915.79,337915.79,337915.79,337915.79,RUB
2026-02-11,MREDC,Индекс недвиж-ти Домклик Москва,Индекс московской недвижимости Домклик,337292.59,337292.59,337292.59,337292.59,RUB
2026-02-18,MREDC,Индекс недвиж-ти Домклик Москва,Индекс московской недвижимости Домклик,341399.0,341399.0,341399.0,341399.0,RUB
2026-02-25,MREDC,Индекс недвиж-ти Домклик Москва,Индекс московской недвижимости Домклик,341774.94,341774.94,341774.94,341774.94,RUB
2026-03-04,MREDC,Индекс недвиж-ти Домклик Москва,Индекс московской недвижимости Домклик,341063.9,341063.9,341063.9,341063.9,RUB
2026-03-11,MREDC,Индекс недвиж-ти Домклик Москва,Индекс московской недвижимости Домклик,342242.81,342242.81,342242.81,342242.81,RUB
2026-03-18,MREDC,Индекс недвиж-ти Домклик Москва,Индекс московской недвижимости Домклик,341515.71,341515.71,341515.71,341515.71,RUB
2026-03-25,MREDC,Индекс недвиж-ти Домклик Москва,Индекс московской недвижимости Домклик,345749.81,345749.81,345749.81,345749.81,RUB
2026-04-01,MREDC,Индекс недвиж-ти Домклик Москва,Индекс московской недвижимости Домклик,348740.13,348740.13,348740.13,348740.13,RUB
2026-04-08,MREDC,Индекс недвиж-ти Домклик Москва,Индекс московской недвижимости Домклик,350402.3,350402.3,350402.3,350402.3,RUB
2026-04-15,MREDC,Индекс недвиж-ти Домклик Москва,Индекс московской недвижимости Домклик,350693.74,350693.74,350693.74,350693.74,RUB
2026-04-22,MREDC,Индекс недвиж-ти Домклик Москва,Индекс московской недвижимости Домклик,351735.02,351735.02,351735.02,351735.02,RUB
2026-04-29,MREDC,Индекс недвиж-ти Домклик Москва,Индекс московской недвижимости Домклик,350149.81,350149.81,350149.81,350149.81,RUB
2026-05-06,MREDC,Индекс недвиж-ти Домклик Москва,Индекс московской недвижимости Домклик,350933.77,350933.77,350933.77,350933.77,RUB
2026-05-13,MREDC,Индекс недвиж-ти Домклик Москва,Индекс московской недвижимости Домклик,353562.69,353562.69,353562.69,353562.69,RUB
2026-05-20,MREDC,Индекс недвиж-ти Домклик Москва,Индекс московской недвижимости Домклик,359358.19,359358.19,359358.19,359358.19,RUB
2026-05-27,MREDC,Индекс недвиж-ти Домклик Москва,Индекс московской недвижимости Домклик,365416.96,365416.96,365416.96,365416.96,RUB
2026-06-03,MREDC,Индекс недвиж-ти Домклик Москва,Индекс московской недвижимости Домклик,370361.12,370361.12,370361.12,370361.12,RUB
2026-06-10,MREDC,Индекс недвиж-ти Домклик Москва,Индекс московской недвижимости Домклик,372882.36,372882.36,372882.36,372882.36,RUB
2026-06-17,MREDC,Индекс недвиж-ти Домклик Москва,Индекс московской недвижимости Домклик,371938.62,371938.62,371938.62,371938.62,RUB
2026-06-24,MREDC,Индекс недвиж-ти Домклик Москва,Индекс московской недвижимости Домклик,374293.26,374293.26,374293.26,374293.26,RUB
2026-07-01,MREDC,Индекс недвиж-ти Домклик Москва,Индекс московской недвижимости Домклик,371217.47,371217.47,371217.47,371217.47,RUB
